id,passenger_name,age,gender,train_no,booking_type,source,destination,coach,seat_no,fare,travel_date,ticket_status,Cluster
1,719,54,2,84471,1,6,5,1,53,224,21,1,1
2,582,76,3,75255,3,2,1,2,41,2102,771,3,1
3,606,36,5,88415,0,7,6,4,29,2117,388,2,1
4,838,16,2,96439,2,1,8,0,52,1932,354,3,1
5,258,37,3,80648,1,7,8,3,24,713,669,0,1
6,192,66,5,34406,0,2,1,5,67,1955,786,0,0
7,228,38,2,87429,2,5,7,2,6,2373,772,3,1
8,479,46,2,53932,3,4,8,0,12,974,254,1,2
9,289,48,2,8299,1,0,4,0,44,2207,376,0,0
10,158,19,2,52314,2,7,8,4,8,1111,85,0,2
11,117,19,5,22098,1,4,1,3,56,954,236,2,0
12,901,38,5,99790,2,4,1,3,60,211,3,0,1
13,309,24,5,1300,0,1,4,5,64,397,122,0,0
14,941,12,5,52313,3,3,2,4,5,268,441,3,2
15,77,52,2,49365,1,2,4,3,19,1272,109,1,2
16,426,76,2,21126,3,2,2,1,10,648,176,2,0
17,981,29,2,50626,1,0,7,4,25,514,832,3,2
18,729,31,2,93762,1,4,2,6,10,728,143,1,1
19,748,14,2,44594,3,4,6,1,63,248,448,2,2
20,451,23,5,52338,3,2,3,5,46,2206,630,0,2
21,41,69,2,88309,2,7,1,4,71,109,404,0,1
22,466,25,2,84030,2,3,0,1,16,1766,136,1,1
23,485,33,2,60665,1,5,4,6,15,1693,72,0,2
24,5,25,2,99304,3,8,3,5,8,1727,635,2,1
25,436,8,5,75438,1,3,6,5,30,2207,104,0,1
26,728,60,5,11073,0,3,3,1,36,124,329,1,0
27,74,53,2,64987,3,1,5,2,65,2205,708,2,2
28,543,22,2,70471,1,3,3,6,50,699,54,2,1
29,263,27,5,50554,2,8,2,4,31,489,770,3,2
30,609,64,5,25539,0,4,7,5,21,278,501,3,0
31,942,29,5,53737,3,0,8,0,18,1582,750,3,2
32,156,76,2,85605,2,7,1,1,1,1088,723,2,1
33,317,39,2,97845,0,8,2,1,59,1854,532,0,1
34,90,9,7,13512,0,7,6,0,5,732,839,1,0
35,736,44,5,80389,3,6,8,2,40,834,201,1,1
36,51,23,2,63938,1,4,5,3,1,822,45,1,2
37,107,45,5,97191,0,0,2,5,8,810,424,0,1
38,469,55,2,97941,3,8,2,3,16,1971,760,1,1
39,911,54,5,46651,3,6,1,3,13,410,470,0,2
40,687,68,5,30991,2,3,2,1,5,592,576,3,0
41,904,62,5,41410,3,2,8,4,1,1773,390,0,2
42,668,17,6,52404,3,1,5,0,12,1093,431,0,2
43,325,11,5,28239,0,0,5,2,66,1811,463,3,0
44,722,31,2,56482,2,5,0,0,15,1137,794,2,2
45,233,5,5,67374,1,5,1,4,57,2110,591,0,1
46,193,8,0,96262,0,6,0,6,11,1515,217,2,1
47,335,61,5,37866,1,3,6,4,12,254,755,3,2
48,975,47,5,75316,0,6,0,2,62,351,309,0,1
49,97,39,5,58688,1,4,2,5,46,1665,721,3,2
50,249,66,5,17746,2,8,5,6,39,769,749,0,0
51,584,39,4,52471,2,1,2,3,25,1898,549,2,2
52,575,53,2,25699,3,3,6,2,43,714,70,1,0
53,302,53,2,46895,3,4,0,1,19,1160,100,3,2
54,52,53,5,34808,3,2,2,3,44,2355,598,1,0
55,106,19,5,96855,2,3,0,3,44,1215,49,1,1
56,58,56,5,3028,3,1,3,4,20,2326,414,3,0
57,781,62,5,89065,0,1,0,6,57,996,524,2,1
58,990,41,5,85811,2,0,2,0,55,1686,557,3,1
59,615,20,2,26153,2,6,4,2,4,2408,84,3,0
60,424,58,2,68669,0,1,2,6,70,431,126,0,1
61,71,68,5,69033,0,2,5,5,48,363,114,0,1
62,298,10,5,50682,0,5,0,2,53,1916,194,1,2
63,172,73,2,4252,1,7,6,1,1,2108,208,3,0
64,749,6,2,43920,1,3,6,5,7,2019,137,0,2
65,522,71,5,13868,3,8,3,6,39,1826,131,3,0
66,321,19,5,7578,2,5,0,1,48,732,521,0,0
67,945,39,2,35912,3,4,3,2,6,2042,232,3,2
68,223,53,5,29101,3,7,0,2,31,2371,61,2,0
69,291,74,2,35584,3,1,0,0,3,1347,238,3,2
70,546,48,5,60385,2,0,0,1,12,2413,173,3,2
71,558,78,2,65679,0,7,3,3,48,1402,450,0,2
72,157,60,2,46919,1,3,3,1,13,1812,386,1,2
73,727,70,2,21755,3,0,6,3,54,2441,639,2,0
74,336,72,5,19921,3,8,6,3,26,1196,488,0,0
75,794,18,5,17058,0,4,4,5,4,548,90,1,0
76,528,78,2,21043,2,4,7,1,57,623,264,2,0
77,832,36,2,56651,0,1,8,1,71,1057,785,1,2
78,718,68,5,92293,3,1,1,0,36,2081,65,3,1
79,563,11,2,34511,3,3,2,4,40,1406,491,3,0
80,506,48,4,60614,2,2,8,6,42,679,211,3,2
81,894,76,2,32975,1,6,1,0,25,708,588,2,0
82,902,57,4,31701,3,7,8,1,1,2123,576,1,0
83,98,51,5,20020,2,7,3,3,11,1145,476,1,0
84,882,14,5,38054,2,0,4,2,61,2002,474,2,2
85,256,57,2,90658,3,7,5,0,66,885,499,1,1
86,296,26,6,14599,0,1,0,2,52,1195,18,0,0
87,654,22,2,52636,3,2,0,5,57,1248,272,2,2
88,877,48,5,46383,2,3,4,1,71,1414,422,0,2
89,859,56,5,41833,1,8,5,3,26,1638,703,3,2
90,917,8,7,43005,2,0,4,1,68,226,527,2,2
91,865,34,2,89440,1,6,2,0,71,2257,728,2,1
92,23,17,3,94752,2,7,0,5,32,2005,761,2,1
93,667,8,2,97174,1,8,7,4,29,699,91,3,1
94,666,46,5,26489,2,7,2,6,29,2328,280,2,0
95,33,70,5,67756,3,2,4,4,58,367,190,0,1
96,677,58,2,39550,2,2,4,6,8,483,790,2,2
97,425,8,5,38297,3,2,1,2,4,996,180,3,2
98,306,51,2,61013,3,4,7,3,64,646,373,0,2
99,530,27,2,45817,0,3,3,1,18,993,756,0,2
100,4,31,5,92891,3,0,1,6,5,814,416,1,1
101,431,54,5,18248,1,3,0,5,47,1141,33,0,0
102,640,54,2,56910,3,6,4,2,9,376,144,2,2
103,432,66,5,36925,3,5,8,1,38,2201,565,3,2
104,46,55,5,13979,3,2,3,5,65,1163,256,1,0
105,153,30,5,45807,2,5,0,6,31,2100,837,1,2
106,350,6,2,29722,0,0,8,0,30,2106,744,0,0
107,304,19,2,59354,2,0,2,3,46,2223,546,3,2
108,150,29,5,17460,1,0,2,3,14,1268,711,2,0
109,402,52,2,61630,2,5,5,0,34,1277,200,1,2
110,32,34,5,63398,1,3,0,5,61,1736,493,1,2
111,250,44,2,46408,2,6,6,6,69,1713,816,1,2
112,155,21,2,2736,1,8,2,0,14,1072,757,1,0
113,364,26,2,70011,1,8,1,0,1,1189,530,3,1
114,984,11,2,3107,0,1,1,4,55,2003,563,3,0
115,361,30,2,67928,1,6,0,6,23,2233,110,2,1
116,956,55,5,36146,3,6,7,5,11,475,421,2,2
117,778,48,5,13577,0,3,2,6,37,1312,270,1,0
118,800,58,5,16510,2,4,4,2,41,2210,481,1,0
119,849,19,5,55006,3,8,5,6,2,579,12,3,2
120,164,5,5,16144,0,1,6,4,9,1383,577,0,0
121,393,46,2,31866,2,1,3,3,65,828,235,2,0
122,471,51,2,86040,0,7,4,6,25,565,222,3,1
123,771,42,0,41015,3,0,5,3,30,1517,778,0,2
124,948,79,5,67898,2,1,8,6,69,1017,2,1,1
125,496,65,5,22225,2,8,5,0,57,1199,11,0,0
126,797,43,2,41468,1,0,0,3,53,1605,539,1,2
127,835,5,2,64049,1,0,5,2,6,619,158,2,2
128,880,42,5,57549,3,6,5,1,65,1734,406,0,2
129,373,22,5,46210,3,6,8,2,26,1710,12,3,2
130,642,26,2,3229,0,4,5,3,17,1440,653,1,0
131,40,30,2,57016,2,6,1,5,4,1333,228,2,2
132,404,10,2,59175,0,2,2,5,33,2164,751,2,2
133,490,70,2,23856,3,4,5,6,39,2058,674,3,0
134,441,14,2,49153,2,4,5,5,45,1491,734,1,2
135,515,23,2,19915,3,2,8,6,23,371,823,1,0
136,676,42,2,91149,3,3,2,4,46,790,213,3,1
137,382,61,5,23699,3,7,3,3,8,1083,673,3,0
138,465,33,5,44806,2,2,5,0,30,1919,273,0,2
139,75,63,2,47637,3,5,5,6,36,998,7,2,2
140,923,11,2,40487,2,1,4,3,72,1983,485,2,2
141,660,55,2,6425,1,4,2,1,26,703,758,3,0
142,711,20,2,47650,2,1,8,5,26,1332,602,3,2
143,652,25,2,4202,2,8,0,0,63,654,763,1,0
144,684,71,5,26702,2,3,6,0,31,2034,560,1,0
145,920,45,5,75228,0,7,8,3,42,1926,646,0,1
146,120,72,2,69923,3,3,1,1,69,1283,693,3,1
147,630,65,2,28906,2,5,7,2,62,625,617,2,0
148,353,33,2,28256,1,0,1,4,56,2037,444,0,0
149,550,34,2,31679,3,3,5,2,55,2147,271,3,0
150,960,80,2,25282,1,2,7,1,72,1328,551,0,0
151,162,61,5,98631,0,0,7,2,21,2421,798,3,1
152,813,52,2,53898,0,3,5,3,64,793,293,1,2
153,65,52,3,39398,1,2,4,2,34,1305,141,2,2
154,700,24,2,31704,1,4,5,2,26,298,604,1,0
155,808,53,2,11978,2,8,7,6,9,311,737,2,0
156,944,15,7,43083,0,0,6,3,61,2192,702,0,2
157,693,62,2,54406,2,4,7,5,37,1460,826,3,2
158,963,47,5,88613,0,3,0,4,47,1568,482,3,1
159,503,30,2,61733,1,4,5,6,57,1734,845,2,2
160,743,24,5,19576,0,2,6,1,52,381,695,2,0
161,875,55,2,35399,3,1,0,6,54,1902,372,1,2
162,713,69,5,29596,2,3,1,5,33,1517,379,3,0
163,179,41,2,75328,3,3,3,1,3,1059,423,0,1
164,907,6,5,21189,2,6,6,5,59,2300,42,0,0
165,161,33,2,29304,3,8,8,0,52,2465,318,2,0
166,27,65,2,68069,3,1,6,3,53,2174,782,3,1
167,991,34,2,14306,1,5,8,1,16,800,66,2,0
168,798,5,2,81658,3,6,1,3,53,1842,35,0,1
169,242,16,5,6405,0,5,8,4,63,644,172,1,0
170,787,37,2,36421,3,3,3,1,53,2430,87,3,2
171,592,8,5,17843,1,0,3,3,32,820,279,0,0
172,297,65,5,61831,3,0,5,0,46,2034,821,0,2
173,633,12,7,52612,3,1,5,4,58,1081,612,3,2
174,989,59,5,80912,1,5,1,1,8,882,455,0,1
175,231,73,5,39158,1,3,6,2,35,1685,474,3,2
176,514,57,2,74002,3,7,2,4,39,1390,509,3,1
177,12,60,2,43935,1,4,8,2,66,2123,719,3,2
178,15,71,2,40035,0,4,2,4,49,155,344,1,2
179,251,47,2,17858,1,5,4,0,45,1389,253,2,0
180,532,21,2,6457,2,8,8,4,12,1298,834,1,0
181,342,76,2,47414,0,1,6,0,8,1750,59,3,2
182,7,70,2,97659,1,1,7,6,68,235,445,0,1
183,903,35,2,64384,2,3,0,0,48,2311,267,2,2
184,536,67,2,92905,3,5,0,4,36,2483,543,1,1
185,674,12,2,58364,2,0,1,3,37,2054,397,1,2
186,123,19,2,23397,3,4,5,1,43,1549,96,3,0
187,603,19,2,44953,0,5,3,0,57,1003,586,3,2
188,994,14,2,68232,1,4,0,2,39,1921,71,0,1
189,671,8,2,27075,0,8,7,4,10,2118,533,3,0
190,22,38,5,50394,3,6,7,2,52,1696,46,3,2
191,552,70,2,28121,3,7,6,1,52,2268,156,0,0
192,704,52,2,37170,1,7,6,5,71,2188,287,2,2
193,130,20,2,80371,0,7,7,3,62,1184,347,0,1
194,89,18,5,1389,1,7,1,2,20,2489,323,2,0
195,905,11,7,61472,1,8,5,3,18,400,768,1,2
196,795,30,2,35787,2,5,2,5,54,198,534,3,2
197,999,70,6,14911,1,2,8,3,67,2227,627,2,0
198,861,5,5,61839,2,3,0,5,70,508,753,0,2
199,556,69,5,20173,3,8,4,0,68,677,540,3,0
200,56,26,2,26622,1,8,5,5,64,1006,295,0,0
201,750,66,2,64482,1,5,7,3,58,1518,16,2,2
202,602,77,5,29142,2,8,6,3,13,1162,790,0,0
203,608,8,2,91490,0,6,7,3,22,2116,55,1,1
204,70,48,5,64960,1,3,4,1,13,2087,28,0,2
205,29,80,5,21043,2,6,6,5,72,808,507,0,0
206,338,67,5,64809,1,1,3,6,49,961,170,3,2
207,437,56,2,14839,0,5,0,5,20,2056,679,1,0
208,852,14,2,12799,1,3,5,2,11,683,64,0,0
209,885,17,2,99425,2,4,7,5,44,2033,632,3,1
210,661,32,5,23550,2,7,4,3,55,2356,388,2,0
211,460,7,7,66254,1,1,2,6,48,790,118,2,2
212,148,31,5,28995,0,3,1,5,53,840,364,0,0
213,730,46,5,62372,0,1,4,5,4,1760,574,1,2
214,937,24,5,53646,1,1,2,0,57,173,6,3,2
215,959,13,5,38629,3,8,8,4,56,678,246,3,2
216,262,36,5,94983,3,1,7,1,10,385,651,2,1
217,954,30,5,99427,2,8,6,6,72,972,310,0,1
218,535,80,2,86646,0,5,0,0,35,1244,198,0,1
219,26,59,2,26329,3,6,2,4,63,2252,157,0,0
220,272,19,2,78928,2,1,5,5,24,2191,370,2,1
221,450,21,4,58160,2,5,8,0,39,2463,829,0,2
222,422,77,5,55102,0,3,8,4,34,1904,238,1,2
223,817,36,5,72518,1,0,8,0,43,394,808,3,1
224,477,45,2,2322,0,1,0,1,65,280,378,2,0
225,267,7,2,68992,0,0,0,5,52,799,326,1,1
226,717,17,2,45913,1,7,5,0,68,473,685,1,2
227,629,71,2,90959,3,4,7,4,45,1652,225,3,1
228,212,28,5,28489,0,8,0,5,60,2221,357,1,0
229,480,18,5,71170,2,6,8,6,53,872,559,0,1
230,792,68,5,75539,2,8,6,5,16,2274,384,1,1
231,287,15,5,1498,0,2,2,3,70,888,687,3,0
232,330,43,5,34094,0,3,2,2,33,466,210,0,0
233,200,5,6,88371,0,6,7,3,14,1815,305,0,1
234,94,64,5,87644,3,8,3,2,54,2245,165,3,1
235,914,60,7,29138,3,6,4,6,51,235,130,2,0
236,247,27,5,79334,1,1,7,1,63,561,188,2,1
237,261,49,2,86119,1,6,0,1,22,2500,813,3,1
238,897,43,5,80569,3,3,7,4,20,962,305,2,1
239,222,20,5,78895,3,0,2,2,24,1050,380,1,1
240,828,44,2,78225,2,2,4,5,58,1587,536,3,1
241,494,8,5,81430,2,3,6,2,15,183,688,0,1
242,744,42,5,51256,3,4,0,4,48,1557,675,1,2
243,810,61,2,51142,1,1,3,5,42,1369,425,1,2
244,780,74,5,58564,2,2,7,2,13,1736,844,1,2
245,876,62,2,70912,3,6,7,4,52,1426,718,2,1
246,809,37,2,43755,3,7,0,6,8,2440,572,0,2
247,133,14,5,31392,1,6,5,0,70,1894,619,1,0
248,811,39,2,54881,1,6,2,2,54,2220,440,2,2
249,703,59,3,72130,3,7,1,1,62,1234,713,0,1
250,697,5,5,74586,1,7,5,6,6,461,578,1,1
251,238,14,1,38185,0,6,4,0,7,2190,15,3,2
252,741,63,2,76672,3,2,3,1,50,1831,31,1,1
253,966,28,5,43144,0,5,4,2,58,1288,192,2,2
254,826,68,5,78223,3,0,7,6,72,800,142,0,1
255,237,33,5,74514,3,8,1,5,57,1105,618,0,1
256,910,34,2,66752,3,7,8,2,65,1004,714,3,2
257,323,55,2,45552,3,5,0,1,59,1225,317,1,2
258,328,20,2,86696,1,2,3,1,22,2350,817,3,1
259,483,79,5,20538,0,2,8,5,40,203,677,1,0
260,95,18,5,63247,2,2,4,1,22,2486,396,0,2
261,181,26,5,58245,3,2,4,4,11,1688,594,3,2
262,92,17,5,75549,1,5,5,1,49,2344,193,0,1
263,372,18,3,25786,0,2,8,0,48,1124,781,0,0
264,61,76,2,89394,2,8,1,2,43,2380,793,0,1
265,288,55,2,34797,3,3,8,2,41,164,226,3,0
266,215,9,2,29941,1,7,6,0,49,1069,194,1,0
267,80,39,5,43118,0,2,5,4,35,461,672,3,2
268,99,8,2,18507,1,1,1,6,48,1098,93,2,0
269,14,51,3,45092,1,5,8,2,31,507,408,0,2
270,939,69,5,52076,1,8,0,6,24,122,739,1,2
271,891,70,5,83610,1,0,8,1,25,2118,656,3,1
272,651,56,7,21150,2,0,3,2,48,857,821,2,0
273,416,73,2,71459,3,0,5,3,69,1866,569,1,1
274,517,69,5,22795,0,1,1,0,22,1028,233,3,0
275,755,30,2,24605,3,2,5,3,2,276,754,3,0
276,881,9,5,70736,0,0,8,3,24,369,689,0,1
277,246,79,2,35472,1,4,3,1,12,709,701,1,2
278,964,45,2,55239,2,1,4,4,32,1736,276,2,2
279,498,29,5,30269,2,3,2,4,60,2376,831,0,0
280,331,59,2,6858,2,5,2,5,6,686,413,3,0
281,972,80,5,73492,1,4,0,1,4,1970,296,1,1
282,239,27,5,71424,3,4,7,0,20,1765,83,1,1
283,650,9,2,24886,1,5,3,0,45,1185,269,3,0
284,986,66,5,36121,0,8,1,2,10,396,663,0,2
285,573,70,2,66795,3,6,4,1,58,540,420,0,2
286,545,74,2,56143,0,2,4,5,13,1962,700,2,2
287,235,75,5,72266,3,4,2,4,69,1666,102,0,1
288,509,50,2,85252,2,1,2,3,29,705,372,0,1
289,617,45,5,55893,0,8,8,0,34,1675,124,2,2
290,160,72,2,92861,2,4,2,6,45,1117,22,1,1
291,883,10,5,57781,2,4,6,1,21,1480,306,3,2
292,379,63,2,27553,2,4,4,4,47,798,592,3,0
293,320,59,5,21449,1,0,2,5,48,511,584,2,0
294,448,40,5,95950,0,2,1,6,32,2440,648,3,1
295,381,13,2,66336,2,4,8,2,28,2007,106,3,2
296,735,36,5,87012,2,2,6,6,58,1391,842,0,1
297,96,43,5,90620,2,8,2,0,67,654,623,2,1
298,367,15,5,22385,0,3,5,0,24,2236,188,0,0
299,863,30,5,80423,3,5,1,6,63,496,799,1,1
300,136,8,5,32621,3,3,8,3,71,626,722,2,0
301,435,12,2,36225,1,1,4,3,17,1488,725,2,2
302,395,64,2,80534,2,5,0,1,7,2134,418,2,1
303,48,44,2,20771,2,7,3,6,11,2221,291,2,0
304,462,72,5,58544,1,2,6,3,59,1480,405,2,2
305,764,30,2,75624,1,5,6,2,12,1750,71,2,1
306,625,67,2,26924,3,4,2,3,61,2267,554,3,0
307,111,31,2,54829,0,7,8,1,31,2115,846,0,2
308,421,49,5,66050,0,5,1,1,31,192,91,2,2
309,864,63,2,31899,0,3,8,6,59,788,171,2,0
310,104,55,5,58513,3,8,1,6,24,464,447,1,2
311,765,27,5,34445,1,3,5,2,59,1638,29,2,0
312,601,38,3,57967,0,8,3,0,72,1077,359,0,2
313,807,73,2,18949,2,3,0,6,5,955,407,2,0
314,281,47,2,24867,2,7,0,2,11,1095,248,1,0
315,191,24,2,24197,0,5,2,0,38,1411,836,2,0
316,998,6,2,85005,2,8,1,6,8,1099,560,0,1
317,418,56,2,39821,0,6,0,0,56,1268,273,2,2
318,180,39,3,26723,0,7,3,3,16,1132,731,0,0
319,635,14,2,65376,3,2,5,5,32,964,629,1,2
320,562,75,2,70233,2,5,2,0,31,2080,36,2,1
321,538,55,2,90591,0,4,3,2,10,1535,529,1,1
322,840,64,5,73829,0,6,7,3,65,1364,27,0,1
323,456,79,5,65418,0,4,0,1,50,2194,566,2,2
324,403,6,5,5874,2,0,4,1,29,1496,462,2,0
325,511,64,2,43066,1,0,7,6,15,610,343,3,2
326,675,8,2,56014,2,7,4,1,27,829,333,3,2
327,21,79,5,54450,2,2,4,5,32,1713,133,2,2
328,374,57,5,82398,3,3,1,0,36,1129,103,2,1
329,581,54,5,10704,0,3,6,3,34,348,807,0,0
330,282,80,2,38676,1,4,0,6,47,2457,30,1,2
331,823,10,2,8732,2,1,6,0,28,1257,654,2,0
332,537,56,2,3059,1,3,8,2,36,1235,811,1,0
333,591,61,5,60503,3,5,3,5,42,431,308,2,2
334,624,68,2,41640,2,4,4,4,62,445,829,3,2
335,380,36,3,4237,1,0,6,6,16,1539,164,2,0
336,79,16,5,94253,2,7,0,4,61,1005,729,3,1
337,175,79,5,25945,0,7,2,3,7,1759,118,2,0
338,547,55,5,75240,0,7,7,2,18,2449,32,1,1
339,62,72,2,1889,2,7,7,0,33,1571,328,3,0
340,151,45,5,43951,1,4,0,4,63,1927,338,1,2
341,759,48,2,21705,0,4,5,0,42,1082,608,3,0
342,10,17,2,14129,0,7,0,1,38,1966,286,2,0
343,370,66,5,35526,2,5,8,0,4,2359,741,3,2
344,715,34,5,76695,1,3,7,4,38,1360,82,3,1
345,112,14,5,61927,0,2,2,5,33,1085,352,1,2
346,802,46,6,15968,3,0,8,6,45,667,270,2,0
347,505,19,2,48634,3,1,3,4,1,1661,696,3,2
348,657,77,5,65238,2,8,8,3,7,726,707,0,2
349,165,65,6,21557,0,4,3,2,4,770,510,3,0
350,600,77,2,71268,3,3,8,3,9,2122,246,2,1
351,140,34,2,57653,3,1,2,2,56,2067,650,0,2
352,847,59,2,67285,0,2,7,6,56,1628,412,3,1
353,174,64,2,32557,2,6,4,6,67,722,430,1,0
354,824,73,2,83107,2,3,4,6,64,1679,542,2,1
355,638,15,2,69617,1,1,4,1,30,2078,710,3,1
356,377,70,5,16546,3,6,8,4,27,2112,138,2,0
357,866,6,2,51042,2,0,6,1,31,291,327,1,2
358,68,80,5,62068,3,6,8,1,29,776,395,2,2
359,142,19,5,26402,1,2,8,0,33,257,571,2,0
360,484,77,5,73694,1,3,1,4,57,896,69,1,1
361,961,43,2,86776,3,4,7,1,19,1354,681,0,1
362,81,43,5,82684,3,3,7,5,40,2154,629,1,1
363,195,70,2,4248,1,6,8,1,61,684,511,0,0
364,639,72,2,89684,3,4,0,2,17,2363,215,2,1
365,804,59,2,60970,3,1,7,3,1,1191,460,3,2
366,527,13,2,54539,2,1,3,1,65,262,496,1,2
367,85,54,5,1600,3,2,3,1,16,2389,704,1,0
368,141,47,2,80923,3,5,1,1,53,1987,743,1,1
369,946,58,1,23119,3,7,0,1,3,1520,731,2,0
370,337,72,5,85814,2,2,3,2,3,599,613,3,1
371,756,66,5,5140,3,4,5,1,1,1630,74,0,0
372,938,12,5,12334,3,3,0,4,66,783,26,3,0
373,227,44,2,84559,1,5,5,6,28,2225,636,0,1
374,521,42,2,78604,2,8,5,1,25,1178,241,2,1
375,869,41,2,5513,3,0,1,3,4,2026,9,3,0
376,119,57,2,80541,3,4,0,4,13,1875,219,1,1
377,358,28,5,81568,0,4,6,3,35,687,185,2,1
378,534,23,2,12872,3,4,1,2,62,1130,428,0,0
379,761,18,2,59677,2,3,8,5,72,844,580,1,2
380,429,62,2,57162,0,2,8,6,31,1356,101,2,2
381,525,6,2,60125,0,3,1,3,5,1101,828,3,2
382,569,59,7,6062,1,5,4,5,21,2265,581,3,0
383,275,12,2,45126,0,0,7,1,64,2377,809,1,2
384,470,33,2,14359,1,1,7,2,51,655,320,2,0
385,548,6,5,83177,0,2,8,6,69,947,640,1,1
386,724,8,5,24425,0,2,6,4,65,1242,733,0,0
387,63,57,2,76225,1,0,6,3,55,2096,57,3,1
388,857,24,5,32932,1,6,0,1,22,705,382,3,0
389,912,19,5,90407,2,0,3,6,23,1203,544,3,1
390,154,19,5,39923,1,1,3,4,8,1047,230,2,2
391,659,51,5,9545,1,0,7,2,28,679,258,2,0
392,568,23,4,68636,3,2,2,4,53,1666,62,1,1
393,867,61,2,53566,3,7,7,1,70,462,505,0,2
394,567,28,2,50271,0,1,5,2,52,482,389,0,2
395,368,56,7,53504,3,8,4,0,2,435,458,3,2
396,454,64,5,50994,0,4,2,3,38,1340,164,2,2
397,683,47,5,29889,3,7,8,0,1,2196,585,3,0
398,705,76,6,51746,0,1,5,6,5,2483,612,1,2
399,626,43,2,77490,2,0,1,5,42,756,762,3,1
400,411,79,5,49690,1,5,8,3,11,920,656,3,2
401,844,56,3,1460,1,7,5,0,37,1966,824,3,0
402,446,14,2,77599,3,2,5,0,70,548,745,2,1
403,216,44,5,16227,1,2,7,0,36,2135,587,2,0
404,987,73,2,63258,3,0,3,1,33,2007,262,3,2
405,908,63,2,91975,2,2,8,5,60,105,656,2,1
406,965,75,2,33222,3,5,2,2,24,1397,655,2,0
407,708,43,5,68210,0,4,4,2,49,1432,216,2,1
408,985,61,2,11006,2,4,0,5,11,992,37,3,0
409,213,50,5,28952,0,5,8,2,52,2320,89,3,0
410,186,20,2,19093,3,7,5,6,42,881,113,2,0
411,906,65,2,65182,2,2,8,0,72,1090,349,0,2
412,799,76,5,51801,3,0,8,5,37,1448,36,3,2
413,434,39,5,31736,3,7,5,3,58,2288,35,2,0
414,524,34,2,21897,0,7,4,1,58,1070,374,3,0
415,198,76,3,76280,0,8,4,5,5,2262,419,0,1
416,188,75,5,85391,2,5,7,0,70,1221,788,1,1
417,970,43,5,45244,0,1,3,1,6,335,340,3,2
418,886,77,5,66627,3,5,6,4,7,2357,207,3,2
419,254,19,5,18519,2,1,7,4,4,2398,801,2,0
420,279,70,2,85342,0,8,6,4,38,303,442,0,1
421,951,78,5,9835,2,7,2,5,11,651,625,3,0
422,786,69,5,28492,1,0,0,2,59,1611,487,1,0
423,310,76,2,82183,3,0,5,4,49,855,637,3,1
424,892,72,5,60262,3,3,2,0,21,354,515,3,2
425,570,27,2,38041,2,8,8,2,43,1059,132,2,2
426,644,22,2,6612,1,8,0,0,3,731,80,2,0
427,967,72,2,37997,1,6,7,5,24,158,819,1,2
428,702,18,3,99198,3,8,5,0,23,1743,600,3,1
429,168,46,5,58029,1,5,6,3,49,1317,227,2,2
430,255,41,2,32807,0,6,5,1,20,942,10,1,0
431,311,43,5,86424,1,6,5,4,30,981,363,2,1
432,925,21,5,85464,2,8,6,4,12,278,92,2,1
433,124,74,2,98404,2,5,2,2,60,1912,203,3,1
434,973,22,5,93802,0,4,4,6,38,741,567,1,1
435,36,18,2,28957,0,6,5,5,9,1062,772,1,0
436,457,43,5,79219,0,2,5,3,37,1755,314,2,1
437,712,14,5,40541,1,0,4,1,9,1103,825,0,2
438,593,35,2,80907,2,0,4,5,2,2465,794,0,1
439,229,60,2,79196,2,1,1,3,70,2315,217,2,1
440,919,80,2,28630,0,2,4,6,48,1814,465,3,0
441,632,8,2,27422,1,7,7,0,12,475,154,2,0
442,622,21,2,21367,3,3,4,4,66,1695,436,1,0
443,801,15,5,97494,3,0,1,4,23,1279,315,2,1
444,146,27,5,43769,2,0,4,4,1,319,478,1,2
445,149,45,5,46318,2,6,6,4,55,1630,289,1,2
446,516,35,5,84012,1,7,3,4,28,1988,439,1,1
447,577,56,2,19968,2,7,3,1,5,1540,624,2,0
448,770,26,2,43353,1,6,5,4,7,2285,356,0,2
449,943,72,5,98552,3,7,6,0,13,2334,469,0,1
450,196,43,2,15173,1,1,2,4,54,1301,174,0,0
451,805,68,4,48696,2,0,1,0,29,984,531,1,2
452,357,49,2,3392,0,4,2,6,55,717,314,1,0
453,757,72,6,27517,2,0,6,3,7,2400,205,2,0
454,590,64,2,61336,0,0,2,2,53,2060,555,3,2
455,474,51,2,87890,0,1,6,6,64,114,111,3,1
456,417,73,1,26266,3,5,2,2,32,2242,47,1,0
457,214,59,3,85687,0,7,7,6,19,406,514,1,1
458,889,38,5,2481,0,4,0,3,11,1359,495,2,0
459,6,49,6,14580,3,1,6,6,61,1945,789,3,0
460,915,79,2,38576,1,0,0,6,53,2049,127,2,2
461,128,13,5,86477,0,6,0,0,31,1219,130,1,1
462,163,52,2,88058,0,1,4,4,13,1779,14,2,1
463,300,16,5,42021,3,1,7,4,44,2458,191,1,2
464,332,31,2,11642,2,3,2,3,41,1834,800,1,0
465,541,73,2,96443,3,7,2,3,63,1856,526,0,1
466,949,68,2,71815,1,8,3,6,1,2071,134,1,1
467,812,6,5,8233,3,1,8,4,70,1561,160,0,0
468,478,15,2,73191,2,1,0,4,59,1583,24,1,1
469,121,8,2,68777,3,6,8,2,67,279,717,0,1
470,605,62,2,76153,1,1,1,4,7,1960,40,2,1
471,723,78,2,63563,1,7,5,4,4,211,847,0,2
472,333,15,5,30036,1,6,0,5,56,2238,797,3,0
473,83,22,2,16291,1,4,3,2,57,2272,498,0,0
474,714,75,5,12942,0,7,8,1,3,1367,153,2,0
475,19,76,5,66349,0,2,6,3,24,1630,423,2,2
476,698,43,7,39029,1,0,8,2,46,453,599,2,2
477,580,49,2,93500,2,8,3,3,35,445,605,0,1
478,788,51,2,17603,3,5,7,6,7,445,15,2,0
479,190,76,5,76645,2,6,1,0,37,967,726,1,1
480,926,16,7,14166,2,4,5,0,21,712,429,1,0
481,596,37,2,95641,3,7,3,0,18,1061,479,2,1
482,613,31,2,18580,2,3,4,0,8,918,732,1,0
483,264,13,6,68488,2,8,5,6,1,1305,616,1,1
484,305,52,2,26857,2,3,7,2,11,375,442,3,0
485,690,39,2,93615,3,6,4,3,69,1657,23,3,1
486,888,50,5,97786,0,0,6,3,44,1474,159,1,1
487,49,63,2,29156,2,7,7,2,67,1944,107,0,0
488,740,36,2,40705,2,2,4,3,58,1852,489,2,2
489,631,51,2,96196,1,3,7,3,2,608,51,0,1
490,694,54,2,92354,2,8,5,0,1,1427,399,0,1
491,57,12,2,40922,1,7,0,1,55,1525,89,1,2
492,501,6,2,98476,1,1,4,6,47,2408,114,0,1
493,356,14,2,28769,2,8,0,4,3,1552,480,1,0
494,122,79,2,59809,3,2,1,0,61,621,324,3,2
495,276,64,5,22985,2,1,7,1,20,1142,281,1,0
496,845,27,2,96955,0,5,5,1,28,1303,682,2,1
497,182,70,2,54294,2,0,0,2,30,2281,767,1,2
498,508,67,5,29828,0,8,1,3,43,438,243,3,0
499,655,24,2,62598,2,6,6,4,50,212,158,3,2
500,763,71,2,93838,3,1,0,5,69,1321,209,2,1
501,270,40,5,32420,0,1,3,3,56,2405,89,1,0
502,383,15,5,7674,0,5,5,2,72,862,260,3,0
503,874,35,5,66101,3,6,2,6,67,628,838,0,2
504,825,22,5,69686,2,7,6,5,58,218,0,3,1
505,899,34,5,44234,2,0,4,4,60,1969,562,2,2
506,16,61,2,73991,2,2,8,0,46,672,256,2,1
507,313,35,4,71625,3,7,0,5,19,478,477,1,1
508,334,18,5,72597,3,5,8,3,3,2280,10,2,1
509,240,49,5,33698,1,5,1,5,30,963,34,2,0
510,814,51,5,86032,0,1,1,3,55,476,775,0,1
511,387,69,5,87475,2,7,4,4,24,1751,579,2,1
512,854,62,5,5780,2,7,8,5,3,369,734,1,0
513,100,8,6,18447,2,6,0,0,58,1193,551,1,0
514,217,32,2,92684,1,2,2,3,42,278,776,0,1
515,976,73,2,59548,1,4,8,1,10,1941,249,0,2
516,721,28,5,56767,1,0,1,4,68,2447,367,3,2
517,884,60,2,47988,3,5,4,5,3,1744,28,2,2
518,439,54,5,22192,1,6,5,1,60,1091,459,0,0
519,108,55,5,38373,3,2,3,5,50,1909,316,2,2
520,60,13,2,46995,3,3,2,1,9,1814,145,2,2
521,559,72,5,33649,1,1,3,1,37,210,661,1,0
522,248,12,2,33155,3,0,1,0,5,173,517,3,0
523,399,43,5,71901,0,3,6,3,3,639,560,1,1
524,953,6,0,67227,0,4,0,2,49,1787,732,2,1
525,766,29,5,74300,0,4,7,4,18,483,568,1,1
526,463,12,1,14772,1,3,3,0,33,1450,668,3,0
527,220,28,5,32409,0,2,6,0,67,1921,327,2,0
528,45,10,2,28079,1,3,7,2,51,1341,791,1,0
529,988,12,5,86085,3,0,4,3,61,2043,475,2,1
530,753,71,0,26189,3,6,7,2,9,2105,288,2,0
531,641,21,2,72245,1,8,3,5,8,904,50,2,1
532,879,56,2,77631,0,2,1,2,68,1325,429,2,1
533,767,45,5,63869,0,6,8,1,35,1619,304,2,2
534,696,50,3,11905,1,4,7,1,11,1835,736,2,0
535,326,72,5,11979,0,6,7,2,35,199,500,3,0
536,299,49,5,65866,0,7,3,0,68,1314,724,0,2
537,397,26,5,47168,0,4,3,1,19,1109,709,3,2
538,169,18,2,49541,0,7,8,1,21,245,138,0,2
539,647,6,5,56502,2,4,8,5,62,223,128,1,2
540,566,39,2,72117,1,7,5,0,9,1705,502,2,1
541,553,71,2,24402,0,3,7,6,51,1523,206,2,0
542,410,66,5,63226,0,1,5,5,46,1017,378,2,2
543,43,32,6,71022,1,2,6,6,39,837,593,0,1
544,758,12,5,78870,0,1,5,4,24,1883,301,1,1
545,971,55,5,78492,2,6,3,6,36,1592,15,0,1
546,189,53,5,3939,1,0,6,3,56,1688,638,1,0
547,551,21,5,18183,1,7,8,4,36,1095,96,2,0
548,737,80,2,41181,1,1,1,0,72,1000,573,0,2
549,147,62,5,45819,3,3,5,1,36,1762,186,3,2
550,365,68,5,93061,0,8,7,1,31,1904,759,0,1
551,285,64,5,47541,1,5,3,6,64,1277,293,2,2
552,531,78,2,54304,2,8,0,2,42,128,843,0,2
553,283,33,2,80935,1,2,5,2,71,686,748,0,1
554,173,62,2,91963,3,1,4,2,53,2249,220,2,1
555,913,9,5,56767,0,1,7,0,18,1193,564,2,2
556,327,73,2,14809,0,5,6,4,1,978,538,0,0
557,492,67,5,9119,1,2,8,4,53,638,649,2,0
558,576,20,2,38055,2,4,4,5,4,1195,162,2,2
559,488,69,2,29888,3,2,7,2,18,648,796,3,0
560,360,77,2,28767,1,1,8,0,10,999,691,0,0
561,392,46,3,53672,2,3,1,0,5,517,427,3,2
562,680,73,2,88394,3,0,4,0,5,1897,528,1,1
563,206,41,2,39275,3,8,8,0,24,559,520,3,2
564,428,54,5,18242,2,2,7,4,2,1308,353,2,0
565,408,30,5,36281,0,3,8,3,31,2225,381,2,2
566,386,42,5,4165,3,8,0,0,21,1391,112,1,0
567,444,48,5,13100,1,6,0,4,39,1319,504,0,0
568,224,37,2,98341,0,2,8,6,30,660,583,1,1
569,645,17,2,6310,3,0,1,3,53,1306,647,2,0
570,681,69,2,57336,0,1,3,6,67,1248,332,0,2
571,497,34,5,59697,1,0,3,5,70,2415,277,2,2
572,983,31,5,38977,3,4,0,2,36,2458,351,0,2
573,266,52,2,28307,1,6,3,5,37,306,117,2,0
574,935,18,1,34554,2,2,1,3,54,455,622,1,0
575,376,5,1,99251,3,1,7,1,6,1711,453,2,1
576,751,55,5,56163,3,1,2,6,11,2181,820,2,2
577,69,55,5,53326,0,0,2,6,16,1546,561,1,2
578,284,72,5,62793,0,4,2,1,41,2500,660,1,2
579,837,5,5,25640,1,5,0,1,57,383,88,1,0
580,790,79,1,82415,2,2,2,6,6,105,774,3,1
581,932,10,5,26184,1,7,4,4,66,162,259,1,0
582,934,78,2,84074,3,4,3,1,5,1141,633,2,1
583,634,73,5,4625,0,0,1,3,30,1839,684,2,0
584,184,28,7,75460,2,6,5,5,65,1373,586,2,1
585,129,7,2,94406,0,5,2,2,9,2147,151,3,1
586,440,69,0,13817,0,0,5,3,36,2122,461,1,0
587,843,20,5,85914,3,8,3,0,6,654,265,1,1
588,929,10,5,37443,1,3,2,3,24,1986,413,3,2
589,893,15,5,87724,1,2,1,2,15,509,371,0,1
590,579,55,2,32267,0,6,4,0,68,599,735,1,0
591,93,35,5,85816,1,2,0,2,49,1576,63,1,1
592,355,75,2,70776,0,8,2,4,35,1994,819,2,1
593,210,68,5,21903,2,0,1,3,55,801,105,0,0
594,526,20,5,24315,1,0,4,4,54,2287,438,1,0
595,1,37,5,89824,2,7,4,2,42,2019,1,0,1
596,66,53,5,61921,3,3,4,3,60,2225,2,0,2
597,627,5,2,59896,1,4,5,0,68,2177,305,3,2
598,950,45,4,22895,1,0,7,3,42,1543,516,2,0
599,754,17,5,41280,2,4,5,1,35,640,58,1,2
600,499,41,5,14914,1,4,3,4,71,2220,322,0,0
601,662,33,5,40977,2,7,8,2,55,2016,168,2,2
602,855,76,5,59223,0,6,1,2,21,275,698,3,2
603,947,31,5,78416,0,5,2,3,35,1750,231,1,1
604,585,26,2,8581,3,3,1,1,64,971,643,0,0
605,243,39,5,96954,2,4,8,3,7,2121,595,1,1
606,621,78,2,79754,3,1,0,1,69,287,589,0,1
607,673,51,2,99691,3,0,6,2,66,1287,283,0,1
608,716,49,2,50826,2,4,5,2,10,1884,652,2,2
609,846,59,5,56067,3,4,6,5,4,1261,505,0,2
610,979,57,4,86025,0,2,1,0,29,395,267,0,1
611,670,63,2,64206,0,8,2,4,56,1191,676,2,2
612,519,29,2,12148,1,2,1,5,33,1172,471,2,0
613,177,73,5,98716,1,5,5,0,32,1550,94,0,1
614,307,61,2,33943,3,0,0,4,24,444,196,3,0
615,618,27,2,6526,1,1,2,0,17,735,779,3,0
616,459,16,2,37503,1,7,3,5,29,1785,498,1,2
617,126,73,5,64891,0,2,1,2,4,1384,783,3,2
618,24,67,2,24754,1,1,6,5,49,2166,802,0,0
619,502,36,2,63160,3,6,4,5,30,987,615,2,2
620,303,66,5,37494,1,4,1,4,40,1329,610,1,2
621,47,45,2,33980,3,2,7,1,59,1565,611,3,0
622,400,74,2,42070,3,4,8,6,13,718,401,3,2
623,791,56,5,82937,1,0,7,5,10,317,330,3,1
624,571,24,2,76053,2,4,3,2,2,1839,275,3,1
625,390,64,6,42030,2,8,5,2,52,2115,122,1,2
626,974,54,5,10816,0,5,2,6,33,1146,179,2,0
627,594,76,2,68415,2,5,5,0,63,1328,9,1,1
628,324,24,2,14582,1,3,5,2,1,1745,757,0,0
629,820,80,5,89399,3,1,2,5,67,1562,138,3,1
630,42,66,2,36535,0,3,1,5,12,2074,224,2,2
631,610,39,2,62559,2,1,6,1,43,1529,562,3,2
632,772,20,5,80587,0,4,3,3,31,182,166,3,1
633,384,6,2,79668,0,0,3,5,44,1011,122,2,1
634,785,54,5,69029,1,0,0,4,50,1718,483,0,1
635,614,9,2,94557,3,6,0,0,40,999,302,1,1
636,853,24,1,30689,3,1,5,2,58,1532,514,0,0
637,678,16,4,76854,3,2,2,0,13,1787,545,1,1
638,115,62,5,84697,3,3,0,2,18,1133,552,2,1
639,578,72,2,33623,3,4,4,2,28,905,44,0,0
640,349,61,5,99470,3,7,4,2,1,504,596,1,1
641,167,30,2,79694,1,1,7,4,4,1504,150,3,1
642,290,47,2,67916,2,3,1,1,3,1395,147,1,1
643,176,64,5,31358,3,4,6,3,11,2005,818,3,0
644,607,9,5,92797,0,3,6,2,61,1564,17,0,1
645,980,14,2,47136,3,0,4,2,10,1203,86,0,2
646,672,8,2,42244,3,2,8,6,31,453,694,2,2
647,273,59,5,18202,0,4,0,4,19,1644,686,2,0
648,420,77,5,39103,3,2,7,2,5,2251,380,2,2
649,921,63,5,42346,0,2,1,4,62,1688,769,0,2
650,0,50,2,40438,0,3,6,5,25,374,300,3,2
651,458,27,5,16422,3,0,1,3,48,2309,346,1,0
652,623,76,2,32341,0,6,2,1,58,750,614,0,0
653,322,59,2,25384,3,4,6,6,72,2352,667,1,0
654,476,15,2,56505,1,4,5,4,10,398,178,3,2
655,510,10,2,52537,2,2,2,3,58,1973,827,0,2
656,969,12,2,71476,0,7,7,6,33,316,607,3,1
657,574,9,2,73711,2,7,0,1,63,804,437,1,1
658,620,65,2,81336,0,2,6,2,72,2357,37,2,1
659,842,70,2,19798,1,7,6,3,64,1462,829,0,0
660,955,52,2,54928,1,5,0,0,11,875,166,0,2
661,113,50,5,47349,3,3,4,0,27,531,115,0,2
662,784,79,6,26127,1,7,3,5,46,605,750,3,0
663,375,11,5,80302,0,0,0,3,28,946,292,0,1
664,39,58,5,48529,3,7,5,2,44,2399,274,0,2
665,352,13,5,25758,2,6,5,5,8,274,99,1,0
666,616,73,2,7125,2,5,3,3,4,191,814,2,0
667,597,21,2,37569,0,8,4,3,57,1241,383,0,2
668,993,20,5,23510,1,6,7,4,38,1792,503,0,0
669,783,78,5,65276,0,4,8,0,49,1817,447,3,2
670,636,50,1,85873,3,0,7,0,19,243,577,3,1
671,487,12,2,79951,2,6,3,1,19,755,192,0,1
672,378,75,5,42670,0,1,1,3,49,1497,785,1,2
673,831,76,2,65218,0,6,3,0,64,1342,377,1,2
674,139,27,5,38142,2,4,4,0,67,153,435,2,2
675,341,44,5,90442,3,2,3,3,6,1864,433,2,1
676,467,71,2,68412,1,2,8,6,66,706,508,3,1
677,78,6,5,38257,0,7,3,3,50,1263,432,3,2
678,144,21,5,38973,3,4,5,0,66,2174,312,0,2
679,653,46,5,2553,1,1,4,4,35,2024,98,0,0
680,396,33,2,19527,0,6,5,1,64,2215,298,3,0
681,359,66,2,51017,0,3,4,5,29,1609,41,2,2
682,53,69,5,67782,1,1,6,5,37,1274,809,0,1
683,561,48,5,76947,3,8,5,5,26,986,457,0,1
684,733,40,5,27605,1,6,1,1,31,1575,795,1,0
685,539,18,2,87735,0,8,0,5,14,696,375,1,1
686,699,66,5,47868,2,4,6,6,12,1970,704,0,2
687,725,11,2,62249,1,0,1,1,35,1398,644,3,2
688,137,26,5,53581,3,3,8,4,40,997,334,1,2
689,495,21,2,41542,0,5,7,3,34,1629,582,3,2
690,453,11,5,35835,2,4,2,1,46,1167,752,2,2
691,540,80,2,86033,0,7,6,5,53,1987,528,0,1
692,2,48,2,60839,1,1,3,4,25,736,313,0,2
693,225,67,2,61857,3,5,3,6,68,1601,362,1,2
694,67,66,5,40054,0,6,1,6,42,1615,38,3,2
695,873,56,7,87579,2,1,0,2,67,652,730,2,1
696,836,38,2,65499,0,7,1,3,15,667,792,1,2
697,572,26,2,96146,1,1,2,6,67,1483,202,0,1
698,109,38,5,81658,0,2,5,1,18,1153,784,2,1
699,73,71,2,71740,1,8,0,6,27,1302,730,3,1
700,598,67,5,92559,1,6,5,6,56,910,266,0,1
701,523,17,2,26099,1,6,2,6,22,2051,140,3,0
702,682,41,5,80932,1,5,5,0,42,2415,53,1,1
703,833,12,2,27572,1,8,8,3,17,804,773,0,0
704,862,70,5,67362,2,1,5,0,5,563,282,3,1
705,587,61,5,45104,1,4,7,1,37,867,725,3,2
706,59,34,4,72149,0,6,8,5,17,1957,320,0,1
707,388,70,5,47843,0,1,8,1,7,195,642,3,2
708,413,33,2,52768,1,3,6,2,39,1728,705,1,2
709,978,43,5,97759,1,2,7,5,3,1274,497,1,1
710,473,16,1,29882,0,8,5,0,26,801,671,2,0
711,274,78,5,70169,0,7,1,6,60,445,683,0,1
712,245,59,5,65018,1,2,7,3,29,1604,466,3,2
713,143,22,5,67199,3,7,0,6,50,1449,417,1,1
714,178,62,2,63371,3,7,2,1,43,1087,642,0,2
715,401,16,5,97224,3,3,7,3,24,921,742,1,1
716,11,46,2,18878,1,3,8,3,71,797,360,2,0
717,452,54,1,42031,0,7,3,0,58,2029,237,2,2
718,927,73,5,23307,1,3,0,5,28,167,361,3,0
719,362,37,5,66367,3,3,1,4,69,1804,234,3,2
720,257,69,2,73059,1,4,7,3,22,615,650,1,1
721,201,29,2,6529,0,1,8,1,24,900,279,3,0
722,50,9,4,21731,2,4,4,1,56,360,664,3,0
723,589,51,5,72053,0,1,5,4,69,1959,268,1,1
724,992,38,5,51880,2,4,7,1,21,1897,221,3,2
725,822,17,5,12009,3,2,5,3,27,211,260,2,0
726,391,20,2,24555,1,0,0,0,26,129,699,2,0
727,72,69,2,17670,3,2,3,4,36,2428,412,3,0
728,789,79,5,8037,2,5,2,2,37,1484,690,1,0
729,86,45,5,90714,0,0,3,6,5,590,391,2,1
730,746,59,5,99449,2,6,2,6,30,2218,368,1,1
731,887,79,5,14811,2,6,0,1,38,1877,665,0,0
732,646,64,2,18785,3,5,3,0,2,1401,522,2,0
733,203,57,2,3798,0,7,5,1,49,447,712,3,0
734,731,59,2,63660,1,7,6,6,1,360,840,0,2
735,316,49,5,80835,0,6,2,3,72,1694,240,0,1
736,542,78,4,9301,3,3,3,4,13,1097,325,0,0
737,234,50,2,96856,0,3,0,3,58,1708,195,3,1
738,706,35,2,65911,2,4,7,6,47,1555,218,0,2
739,489,16,2,53936,2,1,8,2,58,1648,468,2,2
740,692,72,3,81418,2,0,7,2,30,1670,519,2,1
741,343,77,3,34330,1,0,5,1,20,562,618,0,0
742,491,40,5,37757,1,2,4,3,49,2106,76,0,2
743,486,18,2,82946,3,8,2,1,37,1877,25,1,1
744,369,71,2,51219,0,0,3,3,39,2348,799,1,2
745,982,60,5,10670,2,8,6,1,47,1073,95,3,0
746,406,70,2,44623,0,5,4,0,17,888,456,2,2
747,385,36,7,61146,3,7,6,4,41,1747,822,0,2
748,709,68,2,45633,0,4,5,2,29,1214,547,3,2
749,560,16,5,31302,0,2,5,4,65,780,667,1,0
750,643,50,2,51678,1,3,4,1,65,732,61,2,2
751,268,40,5,84707,0,4,6,5,44,2435,490,2,1
752,936,51,2,64962,1,6,0,4,3,2342,247,1,2
753,30,79,1,87669,0,4,7,2,66,2161,326,0,1
754,738,48,2,90345,0,5,6,3,26,446,311,1,1
755,878,10,2,52862,1,1,5,6,40,978,257,2,2
756,565,31,5,13701,1,5,3,5,49,700,336,0,0
757,665,78,2,49160,1,1,1,2,45,1584,155,1,2
758,31,68,5,8821,0,4,1,4,52,2452,243,0,0
759,768,33,5,48495,3,0,7,2,65,2415,568,0,2
760,599,75,5,30594,0,4,6,3,10,349,52,0,0
761,472,19,5,72353,3,4,5,0,28,1719,169,1,1
762,637,80,2,89075,3,0,7,6,21,976,738,0,1
763,208,7,2,86644,3,5,0,5,11,2426,148,1,1
764,533,15,2,8154,2,7,7,2,31,1429,764,1,0
765,292,72,2,7944,0,8,8,5,4,2350,307,1,0
766,557,17,6,9564,3,7,1,3,22,475,722,1,0
767,430,50,2,25062,3,8,6,5,53,1145,255,0,0
768,34,24,2,1959,0,6,3,2,53,2317,550,1,0
769,779,65,5,97315,3,5,2,0,47,2042,558,1,1
770,209,54,2,43020,0,7,1,0,21,1883,78,1,2
771,860,73,2,53333,3,1,1,4,41,447,345,3,2
772,918,18,5,40611,1,3,3,0,25,1805,570,3,2
773,199,22,2,40697,1,7,1,2,68,233,77,1,2
774,449,6,5,90487,2,6,0,1,54,1253,798,3,1
775,9,36,2,58765,0,0,6,6,49,2173,443,2,2
776,433,34,2,14227,0,1,2,6,61,579,353,3,0
777,419,35,5,61508,1,1,0,5,43,1056,720,2,2
778,868,36,5,62729,0,5,8,2,5,2261,470,3,2
779,415,48,5,12855,0,3,7,1,1,1028,692,0,0
780,183,32,5,22901,1,6,1,5,27,1066,163,1,0
781,482,8,5,71893,3,3,2,0,44,1138,553,0,1
782,818,11,5,2408,1,8,3,6,53,959,261,2,0
783,604,77,2,67189,2,4,8,0,37,2236,303,3,1
784,318,70,5,6541,2,3,0,0,63,738,189,0,0
785,909,41,5,40477,2,7,3,5,69,1091,175,3,2
786,962,79,2,81611,0,8,7,4,37,386,341,0,1
787,688,55,2,49202,1,3,8,1,18,892,13,2,2
788,204,42,2,52765,0,7,4,5,12,2354,737,3,2
789,513,23,5,20088,2,4,8,2,66,571,744,3,0
790,775,47,5,51476,0,1,1,4,58,2181,449,1,2
791,549,73,2,84405,3,2,3,4,47,812,292,2,1
792,958,37,2,42646,0,8,6,0,23,1370,350,3,2
793,821,10,2,72160,3,7,4,2,22,1422,590,2,1
794,520,23,5,52576,0,7,6,6,66,1828,149,3,2
795,194,44,2,70967,1,3,0,4,7,1588,415,1,1
796,685,48,5,72709,3,7,5,2,35,1729,67,1,1
797,28,58,2,79635,1,6,1,1,41,1940,634,0,1
798,312,66,6,18927,0,7,6,1,66,1836,473,0,0
799,134,34,5,74234,3,8,6,0,48,1386,716,2,1
800,438,22,2,24584,1,2,1,6,32,1659,841,1,0
801,512,29,2,50034,0,0,0,4,31,2164,229,0,2
802,977,36,2,18545,3,1,7,2,70,913,278,3,0
803,116,43,2,53451,3,8,7,0,62,478,319,2,2
804,686,69,2,52704,2,0,2,0,21,377,666,0,2
805,54,59,5,10225,2,4,8,1,4,950,486,3,0
806,232,48,2,29298,0,3,0,3,58,1042,263,2,0
807,916,73,2,16244,1,0,6,1,62,2199,706,3,0
808,952,78,2,17399,0,7,8,2,24,887,329,2,0
809,803,75,2,88828,0,7,4,2,57,2301,484,1,1
810,726,42,2,87933,1,1,5,0,32,803,575,0,1
811,221,59,5,35357,3,7,7,6,24,2277,467,1,2
812,278,78,2,42898,2,3,3,6,11,1986,425,0,2
813,806,38,5,77763,1,8,2,5,41,948,365,1,1
814,745,32,5,21218,3,3,4,1,17,2392,438,2,0
815,187,35,2,99898,0,1,1,0,18,1362,409,1,1
816,442,41,5,76599,2,0,4,1,55,525,662,3,1
817,858,21,5,36445,1,5,8,2,58,1281,525,0,2
818,315,68,5,73069,1,3,6,5,20,467,369,0,1
819,529,74,2,26498,2,1,0,4,31,131,398,3,0
820,856,58,5,73293,1,3,3,1,61,1523,20,0,1
821,793,15,5,40972,2,5,2,6,67,1632,214,1,2
822,679,37,2,88866,1,6,6,1,30,179,254,1,1
823,555,32,2,59386,3,7,3,4,16,2001,766,0,2
824,37,20,2,74642,3,4,8,2,5,351,184,2,1
825,850,20,2,32406,2,1,0,4,2,2498,506,2,0
826,20,50,5,91902,0,4,6,3,32,143,610,3,1
827,131,58,3,2336,1,2,6,6,41,509,846,3,0
828,346,14,5,18426,1,6,4,3,35,1939,601,3,0
829,773,54,5,26715,1,3,3,5,6,235,658,2,0
830,554,63,4,9750,2,1,8,2,67,1539,81,1,0
831,900,60,2,24189,1,4,0,0,7,1468,43,2,0
832,84,40,5,85587,0,2,5,3,36,2454,768,0,1
833,412,35,5,60512,3,6,7,5,28,2036,121,1,2
834,500,23,5,5936,0,2,7,6,12,1112,415,1,0
835,25,15,5,4179,1,2,6,2,32,721,261,0,0
836,611,55,2,13729,2,7,6,3,35,177,161,2,0
837,815,13,5,27542,3,0,6,2,27,451,97,0,0
838,583,32,5,83204,2,2,0,1,12,1064,403,2,1
839,649,52,5,95929,1,1,3,6,2,1710,339,2,1
840,414,74,5,59525,1,2,8,2,53,575,294,2,2
841,747,57,5,86672,1,1,5,5,32,2307,284,0,1
842,159,52,2,10775,2,8,6,1,8,786,285,2,0
843,827,38,2,96183,1,2,1,2,12,1679,111,1,1
844,776,58,5,2625,3,7,4,0,24,1122,299,1,0
845,366,73,5,64872,2,4,4,1,31,1052,177,0,2
846,170,56,4,54068,2,2,2,4,26,1992,537,3,2
847,619,17,1,38040,3,6,7,3,24,1721,392,1,2
848,922,23,7,58518,1,2,6,0,14,2109,641,1,2
849,197,60,2,12060,1,2,6,6,71,114,278,3,0
850,348,6,5,25914,0,2,4,0,40,1594,256,2,0
851,152,45,5,35410,0,1,6,0,55,1379,513,1,2
852,648,33,4,35581,1,3,6,0,41,2381,282,0,2
853,544,33,2,6224,0,4,8,2,28,899,143,2,0
854,895,32,5,33535,1,5,7,1,24,1629,352,0,0
855,87,59,7,27792,2,4,4,0,35,1032,727,0,0
856,940,73,5,68003,3,3,1,0,44,2074,464,3,1
857,720,11,5,72377,0,6,0,2,66,2006,302,1,1
858,76,65,5,70965,3,2,1,4,12,2488,765,1,1
859,841,51,2,53801,3,0,0,1,3,1418,434,0,2
860,207,50,5,8708,0,4,7,4,2,1619,823,0,0
861,762,62,5,33561,1,2,7,0,63,1961,626,1,0
862,389,7,2,18718,2,5,7,1,30,2258,815,2,0
863,564,21,5,10155,2,6,5,5,25,2060,621,1,0
864,371,46,5,70429,3,2,3,3,24,1325,56,1,1
865,265,21,2,67860,3,1,7,1,70,1616,31,3,1
866,760,74,2,32831,0,5,2,4,45,1123,697,1,0
867,664,41,6,22679,1,7,8,3,10,2305,645,1,0
868,301,42,2,83922,3,4,8,2,56,701,630,3,1
869,345,44,5,1055,2,1,7,1,46,280,83,1,0
870,125,39,5,68565,2,7,5,6,30,2174,125,1,1
871,732,6,5,1843,2,0,4,2,39,2335,494,2,0
872,669,59,5,71402,3,3,3,6,7,2338,522,0,1
873,819,59,5,37991,1,0,2,1,59,2338,597,2,2
874,658,15,5,1920,0,3,5,5,16,1157,387,2,0
875,848,45,2,14506,3,5,3,6,57,2393,151,1,0
876,663,58,2,11975,3,3,7,1,11,1730,830,1,0
877,710,63,1,68502,2,3,1,0,72,299,659,1,1
878,504,47,5,31375,1,2,5,5,30,2423,335,3,0
879,259,49,6,7179,0,7,7,0,25,1910,48,2,0
880,830,40,2,51896,1,8,1,6,1,1004,835,2,2
881,236,16,2,93713,2,7,0,5,42,573,146,1,1
882,13,47,5,31692,0,4,0,3,67,942,780,0,0
883,931,10,5,39697,0,1,3,3,66,2139,426,1,2
884,205,46,2,56677,2,6,8,3,15,676,678,0,2
885,518,53,2,63259,3,6,6,3,63,2388,833,1,2
886,930,54,5,84764,1,0,3,1,66,1525,804,2,1
887,226,35,2,50626,3,2,0,0,4,2365,120,1,2
888,695,11,5,92786,2,4,6,3,10,343,197,1,1
889,44,24,7,82573,3,2,5,6,16,978,68,2,1
890,314,71,2,96462,1,2,8,1,68,1093,212,2,1
891,202,27,2,60286,1,4,5,1,70,1233,19,1,2
892,405,36,5,48391,2,0,8,6,5,104,647,0,2
893,427,13,5,44650,3,4,1,6,46,2193,181,0,2
894,17,57,5,38266,3,7,4,3,57,1539,167,1,2
895,244,70,5,1428,3,2,4,4,53,956,535,3,0
896,409,11,5,44156,0,5,8,0,13,622,657,1,2
897,18,64,5,56702,0,5,3,0,69,953,135,2,2
898,344,51,1,93303,0,2,5,3,59,1793,119,1,1
899,612,63,2,74462,2,5,1,5,23,116,251,2,1
900,739,49,2,7938,0,6,4,5,40,2240,454,1,0
901,319,56,2,32092,2,3,2,4,1,1449,635,2,0
902,127,24,5,59232,1,8,7,2,44,1632,187,2,2
903,102,73,5,77242,3,1,1,1,53,2185,297,0,1
904,252,58,2,52386,0,6,2,3,42,1574,8,0,2
905,872,15,2,15935,1,7,8,5,36,2447,802,2,0
906,586,58,2,74166,3,4,2,0,34,1776,116,0,1
907,475,51,2,93761,2,5,8,1,31,2125,411,2,1
908,354,76,4,89150,3,0,4,2,14,1085,714,1,1
909,347,72,5,97340,0,8,6,1,71,1168,252,2,1
910,166,32,2,77283,0,0,6,2,71,1835,31,2,1
911,896,6,2,54486,0,7,7,2,45,826,740,0,2
912,595,25,1,52528,0,3,0,1,48,1230,680,3,2
913,103,37,2,92632,2,2,3,0,1,464,108,2,1
914,957,76,2,27246,3,1,8,2,41,1995,777,0,0
915,308,52,5,22785,1,8,1,5,49,544,342,3,0
916,286,70,4,40547,1,5,3,0,23,900,239,2,2
917,691,58,6,16813,3,2,1,1,33,845,242,2,0
918,707,27,5,47123,2,2,8,5,37,188,556,1,2
919,769,6,5,77199,3,6,2,2,38,2331,620,3,1
920,455,56,5,88562,2,6,5,1,40,1428,402,2,1
921,995,30,5,67476,3,1,2,1,19,569,715,3,1
922,118,61,5,83700,3,0,8,2,31,1268,464,3,1
923,656,33,2,91095,1,1,2,0,39,1587,451,1,1
924,464,37,5,30915,3,5,0,5,16,351,290,1,0
925,407,59,5,49197,2,8,1,0,4,1230,186,2,2
926,132,79,2,52273,2,3,4,3,71,132,245,1,2
927,114,28,0,90096,1,2,1,4,66,609,210,2,1
928,968,41,2,7404,2,7,2,5,70,1906,410,1,0
929,35,31,2,76424,0,6,6,0,4,1951,75,0,1
930,138,25,2,73120,3,8,6,2,56,1206,5,1,1
931,8,80,7,32288,2,6,6,6,27,1824,49,1,0
932,423,14,5,6291,2,6,3,0,18,1849,355,2,0
933,447,50,5,93725,2,0,7,5,8,1991,39,1,1
934,277,6,5,2223,0,0,5,0,67,1994,331,0,0
935,91,20,5,10582,1,3,6,1,69,328,123,0,0
936,101,50,2,7942,1,8,5,4,31,573,609,1,0
937,295,56,5,70207,0,0,1,5,7,1310,606,1,1
938,219,61,5,37686,2,8,5,2,21,2369,747,2,2
939,997,29,2,92565,3,7,8,2,42,934,400,3,1
940,898,69,2,86895,0,8,7,6,53,1445,343,1,1
941,269,80,2,18502,1,0,1,6,36,721,810,1,0
942,928,19,5,76580,1,8,8,6,1,1321,316,1,1
943,816,44,5,24278,3,8,0,1,63,2078,229,2,0
944,260,76,5,86887,1,4,4,3,8,1051,664,1,1
945,185,67,2,30175,0,4,8,4,32,771,394,3,0
946,933,37,2,95466,1,8,7,4,5,1145,541,1,1
947,782,69,5,95370,3,4,2,5,11,1275,761,0,1
948,339,33,6,30866,3,2,2,6,59,293,472,0,0
949,329,27,1,53104,0,5,4,5,45,972,221,3,2
950,796,28,2,24344,3,5,4,1,14,1749,787,3,0
951,110,75,5,2016,3,3,6,5,15,1867,68,3,0
952,834,17,5,51997,2,7,0,3,61,2173,223,0,2
953,890,31,2,41871,1,3,6,5,24,1374,337,0,2
954,774,32,2,44381,3,7,0,0,54,1030,523,1,2
955,777,15,2,12986,1,7,7,3,41,2040,678,1,0
956,294,72,5,62087,3,3,3,2,27,1374,244,0,2
957,461,8,2,47455,3,4,7,5,8,1848,628,2,2
958,253,59,2,8271,1,7,4,3,52,1208,646,2,0
959,996,45,2,62351,2,7,0,0,69,790,812,0,2
960,839,45,5,3133,0,0,8,0,46,820,152,1,0
961,734,13,5,21275,0,7,8,5,66,643,393,2,0
962,445,10,5,32510,0,7,3,6,31,2305,183,1,0
963,280,30,5,92188,1,5,7,5,56,880,189,1,1
964,340,21,2,80439,3,7,4,1,58,220,358,0,1
965,481,30,5,41173,3,4,4,6,46,1959,746,1,2
966,293,50,0,82590,2,3,0,1,17,157,803,1,1
967,689,16,5,51863,1,4,5,2,32,2133,321,1,2
968,924,39,5,45244,1,3,6,6,23,342,350,1,2
969,742,55,7,87259,1,0,6,1,51,1833,173,2,1
970,230,7,5,25871,2,1,8,1,42,1411,805,2,0
971,241,66,5,92029,2,4,6,4,50,2197,129,0,1
972,398,75,5,33944,1,3,3,0,56,1156,325,3,0
973,55,13,5,64638,2,8,6,5,54,1254,670,1,2
974,351,78,7,30569,1,7,1,4,19,989,60,1,0
975,829,12,5,93056,3,2,1,3,1,1740,4,0,1
976,628,30,2,87453,2,5,3,5,1,1566,366,1,1
977,145,20,5,99714,3,7,7,1,32,1439,79,1,1
978,871,56,2,37660,0,8,5,0,59,1601,385,2,2
979,493,33,5,25703,0,3,3,4,16,2434,452,0,0
980,38,77,2,10639,3,6,5,4,1,1717,139,3,0
981,211,57,5,49736,3,4,6,5,68,395,707,1,2
982,218,13,5,45038,3,6,7,0,50,1866,250,0,2
983,443,38,5,58608,3,8,3,1,57,2446,512,2,2
984,851,45,5,92048,2,8,2,5,42,1849,806,2,1
985,870,29,2,87203,1,4,1,1,41,2070,492,1,1
986,82,73,5,30692,1,7,8,3,59,996,119,1,0
987,64,69,0,22859,1,7,0,3,6,1742,204,2,0
988,363,19,5,46071,1,6,0,4,7,2384,182,0,2
989,135,5,5,80717,3,4,6,0,32,1580,357,1,1
990,88,46,5,43689,1,5,7,0,61,345,518,1,2
991,507,34,2,7945,3,3,2,0,69,1626,638,1,0
992,171,70,2,23957,2,5,3,4,47,2451,73,2,0
993,3,7,2,96137,2,8,2,5,52,1637,631,0,1
994,271,17,5,87774,2,7,7,6,27,150,348,2,1
995,105,59,5,28292,3,4,2,4,63,2068,603,3,0
996,701,66,5,94373,3,5,8,6,2,1925,750,0,1
997,468,14,2,38640,2,1,0,3,27,2348,199,1,2
998,752,77,5,32527,0,1,5,4,42,635,453,3,0
999,394,22,6,53787,3,3,2,0,63,481,446,1,2
1000,588,32,2,45431,1,6,6,1,38,992,548,0,2
